total_area,no_of_bed_room,no_of_bath_room,city,tiles,rent_tk
954,3,2,lakshmipur city,yes,17834
1270,2,2,lakshmipur city,yes,20355
550,2,2,noakhali city,yes,11109
804,4,2,noakhali city,no,19773
1325,3,2,raipur city,yes,15973
948,2,1,noakhali city,yes,16224
1950,4,1,noakhali city,yes,30000
1263,3,3,feni city,yes,22150
1602,2,1,feni city,yes,23421
1155,2,1,noakhali city,yes,21506
1202,3,2,noakhali city,yes,26900
1605,2,2,feni city,yes,21903
1722,3,3,lakshmipur city,no,30000
1303,3,2,lakshmipur city,yes,24044
667,3,2,noakhali city,yes,13906
979,2,1,noakhali city,yes,16678
1238,4,2,lakshmipur city,no,22974
1194,2,2,raipur city,yes,15573
758,3,1,noakhali city,no,13403
470,2,1,feni city,no,5736
1659,3,2,feni city,yes,25654
1788,4,3,noakhali city,yes,30000
959,2,1,lakshmipur city,no,15376
1074,3,2,noakhali city,no,21986
808,3,1,noakhali city,yes,16071
1646,2,1,feni city,yes,23157
911,2,2,lakshmipur city,yes,16113
1590,2,2,noakhali city,yes,30000
855,2,2,noakhali city,no,15696
1632,5,1,raipur city,yes,24095
1732,3,2,feni city,yes,30000
1418,3,2,lakshmipur city,no,24774
780,3,2,raipur city,no,10365
637,2,2,raipur city,yes,7394
865,3,1,lakshmipur city,yes,15239
705,2,2,noakhali city,yes,12713
543,2,2,lakshmipur city,yes,8496
526,2,2,feni city,yes,8058
1326,3,3,raipur city,yes,20192
657,3,2,noakhali city,yes,15638
673,2,1,lakshmipur city,yes,11667
1088,3,2,noakhali city,yes,25574
877,2,1,lakshmipur city,yes,15175
1400,3,2,noakhali city,yes,30000
998,2,1,noakhali city,yes,19540
769,4,2,noakhali city,yes,17397
796,3,1,feni city,yes,11265
828,3,3,feni city,yes,13925
1466,2,2,lakshmipur city,yes,24538
1703,3,2,lakshmipur city,yes,30000
1203,2,2,feni city,yes,18095
847,4,2,feni city,no,13418
1018,3,3,feni city,yes,17445
1258,3,2,raipur city,yes,17748
1944,4,1,noakhali city,yes,30000
1044,2,2,lakshmipur city,yes,19743
1905,4,1,lakshmipur city,yes,30000
1324,3,3,feni city,no,21913
1149,4,3,raipur city,yes,16632
705,3,3,raipur city,no,8962
1038,3,1,feni city,yes,16358
697,2,2,lakshmipur city,yes,12680
1344,2,1,noakhali city,yes,25914
1309,2,1,lakshmipur city,no,19795
1053,2,2,lakshmipur city,yes,17782
786,3,3,noakhali city,yes,17974
777,2,1,lakshmipur city,no,12210
1024,2,1,noakhali city,yes,18098
1214,3,1,noakhali city,yes,23113
1111,2,2,noakhali city,yes,20506
1439,2,1,lakshmipur city,yes,21222
1046,2,1,lakshmipur city,no,15715
909,2,2,lakshmipur city,no,15086
1647,2,2,noakhali city,yes,29995
1492,3,2,feni city,yes,23928
1572,2,1,raipur city,yes,17531
674,2,1,raipur city,no,7412
1421,2,2,noakhali city,yes,27572
1426,3,1,feni city,yes,21018
636,2,2,raipur city,yes,7677
1142,3,2,noakhali city,yes,25386
1381,3,1,noakhali city,yes,26623
1577,4,1,lakshmipur city,yes,27946
1308,2,2,feni city,yes,20395
1090,2,2,lakshmipur city,yes,20397
1701,3,1,noakhali city,yes,30000
815,3,3,raipur city,yes,11341
1017,4,3,feni city,no,16873
1399,2,2,noakhali city,yes,30000
868,3,1,noakhali city,yes,18108
876,2,2,noakhali city,yes,16037
834,3,1,feni city,yes,11327
1226,2,1,noakhali city,no,19699
1367,1,1,lakshmipur city,yes,19002
889,2,1,noakhali city,yes,16925
1201,2,2,feni city,yes,19080
757,2,2,raipur city,yes,8896
657,2,1,noakhali city,yes,12646
871,3,2,lakshmipur city,yes,16471
1614,3,1,lakshmipur city,yes,28486
853,3,1,lakshmipur city,yes,14553
1668,5,3,feni city,yes,30000
1317,3,1,noakhali city,yes,27772
906,4,4,lakshmipur city,yes,20112
523,2,1,lakshmipur city,yes,8259
696,3,1,feni city,yes,9441
1912,4,1,raipur city,yes,28178
1446,2,2,noakhali city,yes,26876
968,2,1,noakhali city,no,16370
1694,5,1,raipur city,yes,22693
961,3,1,lakshmipur city,no,15462
893,2,1,raipur city,yes,9778
1067,2,2,lakshmipur city,yes,16786
1394,2,2,noakhali city,yes,25928
1199,3,3,raipur city,yes,18035
1577,2,1,raipur city,no,17408
827,4,3,raipur city,yes,13480
1454,2,1,lakshmipur city,no,20107
1037,2,2,feni city,yes,16262
969,1,1,raipur city,no,8712
1461,1,1,noakhali city,yes,22883
608,3,1,noakhali city,yes,11708
1834,4,2,lakshmipur city,yes,30000
686,2,1,noakhali city,no,12675
655,3,3,lakshmipur city,yes,14788
1203,3,1,noakhali city,no,24906
1229,2,1,lakshmipur city,yes,19018
776,2,2,raipur city,yes,8994
653,1,1,noakhali city,yes,10182
664,3,2,lakshmipur city,yes,13042
1781,3,2,feni city,yes,27842
480,2,1,noakhali city,no,7751
509,2,1,noakhali city,yes,10171
1201,3,1,noakhali city,yes,22350
1178,3,1,raipur city,yes,14192
1615,2,1,feni city,no,19398
1796,3,3,raipur city,no,24167
1687,3,2,noakhali city,no,30000
955,1,1,raipur city,yes,9936
1624,2,2,lakshmipur city,yes,27902
1076,4,2,noakhali city,no,25355
616,2,2,feni city,yes,8243
991,2,1,lakshmipur city,yes,16463
1621,3,2,feni city,no,23280
1434,3,1,noakhali city,yes,30000
1858,4,4,noakhali city,no,30000
1325,3,3,lakshmipur city,yes,29901
573,2,1,lakshmipur city,no,8712
1295,3,1,raipur city,yes,14823
1757,4,1,lakshmipur city,yes,30000
1169,3,3,lakshmipur city,yes,24610
1304,3,2,lakshmipur city,yes,24061
1373,2,1,noakhali city,yes,25324
1543,2,1,feni city,yes,21532
1279,2,2,raipur city,yes,16184
1408,3,1,noakhali city,yes,27716
1266,3,1,noakhali city,yes,28004
710,3,1,noakhali city,yes,15119
1380,3,2,noakhali city,no,29435
1068,2,2,feni city,yes,15986
1577,3,3,noakhali city,yes,30000
1458,2,2,lakshmipur city,yes,24959
654,3,3,lakshmipur city,yes,13643
1390,2,1,noakhali city,no,22644
344,1,1,raipur city,yes,5000
1023,2,2,noakhali city,yes,21213
1337,3,3,raipur city,no,17227
1620,4,2,noakhali city,yes,30000
1106,3,2,noakhali city,no,23063
1879,4,3,lakshmipur city,yes,30000
1156,3,3,feni city,yes,20809
661,2,2,lakshmipur city,yes,11324
1619,2,1,noakhali city,no,28071
1456,2,1,noakhali city,yes,25566
1293,3,3,feni city,yes,21722
1188,2,2,lakshmipur city,no,20898
1432,3,2,lakshmipur city,yes,29706
816,2,2,noakhali city,yes,17837
1067,2,2,lakshmipur city,yes,17565
1511,2,1,noakhali city,yes,29792
1748,3,3,raipur city,no,22824
1230,3,3,feni city,no,20362
1329,2,2,noakhali city,yes,27827
810,3,1,noakhali city,no,15710
1194,3,1,lakshmipur city,yes,21899
1017,2,2,lakshmipur city,yes,17127
1565,2,1,lakshmipur city,yes,24861
606,3,1,noakhali city,yes,12170
1013,3,2,raipur city,yes,12135
1071,3,3,feni city,no,16859
834,2,2,lakshmipur city,no,13335
1064,2,2,lakshmipur city,no,17634
998,2,1,noakhali city,yes,17179
1719,5,1,noakhali city,no,30000
1000,3,2,noakhali city,yes,21767
999,2,2,raipur city,yes,12766
1614,3,3,raipur city,yes,23288
1127,3,3,noakhali city,yes,26722
1182,2,2,feni city,yes,16586
1318,3,3,lakshmipur city,yes,27603
1632,2,2,lakshmipur city,yes,27825
1587,2,2,raipur city,yes,20522
608,2,1,lakshmipur city,yes,9587
1224,2,2,feni city,yes,17505
1344,3,2,feni city,no,20772
745,1,1,noakhali city,yes,12590
1430,3,2,noakhali city,yes,30000
1089,2,2,noakhali city,yes,22107
875,2,1,lakshmipur city,yes,13879
1330,2,2,lakshmipur city,yes,24253
363,1,1,noakhali city,no,5232
1072,2,1,raipur city,yes,10753
1437,3,2,raipur city,yes,19369
549,2,1,raipur city,yes,5668
1385,3,2,lakshmipur city,yes,27241
993,3,2,noakhali city,yes,22576
1205,2,2,noakhali city,yes,22973
1143,3,2,feni city,yes,19392
1168,5,3,raipur city,no,19259
1703,3,2,noakhali city,no,30000
701,2,1,noakhali city,yes,13557
1307,2,1,lakshmipur city,yes,20937
809,1,1,noakhali city,yes,12753
1206,2,1,raipur city,yes,14516
1940,4,1,lakshmipur city,yes,30000
379,1,1,noakhali city,yes,5822
1725,3,1,lakshmipur city,yes,29790
1079,2,2,noakhali city,yes,21512
937,3,3,raipur city,yes,13462
1782,5,3,feni city,yes,30000
1779,3,1,noakhali city,yes,30000
1793,3,3,noakhali city,yes,30000
730,3,3,lakshmipur city,no,14489
1312,2,1,feni city,no,18048
1100,2,1,noakhali city,no,18946
1117,2,2,noakhali city,yes,21079
1759,3,2,raipur city,no,23554
499,2,1,lakshmipur city,no,7083
1239,2,2,noakhali city,yes,23055
2030,5,1,lakshmipur city,yes,30000
736,3,2,noakhali city,no,14185
1072,3,2,lakshmipur city,yes,20816
769,3,1,noakhali city,yes,15472
770,3,3,feni city,yes,13549
837,2,1,feni city,yes,11273
1788,5,3,lakshmipur city,no,30000
828,3,3,raipur city,yes,11624
1034,3,2,lakshmipur city,yes,19451
947,2,1,lakshmipur city,yes,15008
1490,3,2,feni city,yes,22032
1233,2,2,raipur city,yes,14688
1203,2,1,raipur city,yes,12546
910,2,2,lakshmipur city,yes,15838
1457,2,2,lakshmipur city,yes,23953
1620,3,1,lakshmipur city,yes,29913
1599,5,2,noakhali city,yes,30000
1335,2,2,noakhali city,no,24226
796,3,3,lakshmipur city,yes,17162
994,2,2,lakshmipur city,no,17161
990,5,2,raipur city,no,14916
895,3,1,noakhali city,no,17608
618,3,2,raipur city,no,8005
668,2,2,raipur city,yes,7394
1057,1,1,lakshmipur city,yes,14485
1511,2,2,noakhali city,yes,29577
1330,2,2,noakhali city,yes,27322
922,2,1,lakshmipur city,yes,15690
847,2,1,feni city,yes,10492
1637,2,2,noakhali city,yes,30000
593,2,2,noakhali city,yes,11338
1330,3,2,noakhali city,yes,29377
1334,2,1,noakhali city,yes,27030
1749,3,3,noakhali city,yes,30000
1388,4,1,noakhali city,no,28628
1903,4,4,raipur city,yes,30000
884,3,2,feni city,yes,14672
1695,3,3,noakhali city,no,30000
803,3,3,raipur city,yes,10966
1641,2,1,feni city,yes,20484
1133,4,1,lakshmipur city,yes,22999
525,2,1,feni city,yes,7645
1208,3,3,noakhali city,yes,26535
1285,2,2,lakshmipur city,no,19450
1234,2,2,lakshmipur city,yes,22105
1118,3,3,feni city,no,18240
1523,3,1,noakhali city,yes,30000
560,2,2,lakshmipur city,yes,9970
894,2,1,raipur city,yes,10286
1406,5,1,lakshmipur city,yes,29907
1373,2,1,raipur city,yes,13810
1294,3,1,raipur city,yes,14902
576,2,2,feni city,yes,8789
726,2,2,lakshmipur city,no,11029
1004,3,1,raipur city,yes,11868
1382,3,1,noakhali city,no,26771
1343,3,3,lakshmipur city,no,23948
1336,3,1,feni city,yes,19037
1934,5,4,noakhali city,yes,30000
499,2,2,feni city,no,6278
864,4,3,lakshmipur city,yes,18208
1097,4,4,noakhali city,no,30000
916,3,1,raipur city,yes,10735
922,4,1,noakhali city,yes,21350
1394,3,2,feni city,yes,24462
1494,2,2,lakshmipur city,yes,26086
1276,3,2,lakshmipur city,yes,23627
722,2,2,lakshmipur city,no,10549
1337,4,3,raipur city,yes,20709
1024,3,1,feni city,yes,16749
629,3,2,feni city,yes,9448
420,1,1,noakhali city,yes,7524
1355,2,2,noakhali city,yes,25020
718,3,3,raipur city,no,10217
932,3,1,lakshmipur city,yes,16171
836,2,1,raipur city,yes,9950
1077,4,3,noakhali city,yes,30000
1042,2,2,noakhali city,yes,22481
1087,3,2,noakhali city,yes,24638
1410,2,2,lakshmipur city,yes,22357
682,2,2,feni city,yes,10249
910,4,2,feni city,yes,14653
665,2,1,lakshmipur city,yes,9993
1258,2,2,raipur city,no,12991
1111,3,3,raipur city,yes,16962
1301,2,1,raipur city,yes,13464
1599,2,1,feni city,yes,22564
985,2,2,lakshmipur city,no,16107
1426,2,2,lakshmipur city,yes,24135
968,2,2,raipur city,yes,11225
1533,2,1,noakhali city,yes,29291
484,2,1,noakhali city,yes,8963
1340,3,2,noakhali city,yes,29175
715,3,1,feni city,yes,10727
1141,3,2,noakhali city,yes,23200
1840,5,4,feni city,yes,30000
1186,4,4,noakhali city,yes,30000
884,3,3,lakshmipur city,yes,19366
1122,3,1,feni city,yes,18213
1202,4,1,noakhali city,no,27298
1731,3,2,lakshmipur city,yes,30000
1173,2,1,noakhali city,yes,19762
414,1,1,lakshmipur city,no,5762
630,3,3,lakshmipur city,yes,13213
1753,3,3,feni city,yes,30000
1720,4,4,lakshmipur city,yes,30000
1527,2,1,lakshmipur city,no,23903
832,2,2,raipur city,no,9554
1185,3,3,raipur city,no,16866
1623,3,1,noakhali city,yes,30000
826,2,1,lakshmipur city,no,13264
1456,3,1,raipur city,yes,16709
569,2,1,lakshmipur city,yes,8506
1231,1,1,noakhali city,yes,21497
1278,4,2,lakshmipur city,yes,24907
1066,2,1,noakhali city,yes,20933
1427,3,3,lakshmipur city,no,25648
1289,2,1,noakhali city,yes,24147
1648,4,3,noakhali city,yes,30000
840,2,2,feni city,yes,12032
714,1,1,feni city,no,8708
985,2,1,noakhali city,yes,17626
1318,4,2,noakhali city,yes,30000
995,2,2,noakhali city,no,19542
1596,3,2,raipur city,yes,20976
738,2,1,noakhali city,no,13454
1376,2,1,feni city,yes,17525
1034,2,1,lakshmipur city,no,15070
1516,3,2,feni city,no,21321
1068,2,2,feni city,yes,17164
765,3,3,noakhali city,yes,16667
1229,3,2,lakshmipur city,yes,24865
1769,3,1,noakhali city,no,30000
1180,4,3,lakshmipur city,no,22714
1959,5,5,raipur city,yes,30000
1500,2,2,lakshmipur city,no,24496
1056,3,2,feni city,yes,15583
1876,4,4,raipur city,yes,30000
1052,4,4,noakhali city,yes,27794
652,3,1,raipur city,yes,7682
1069,2,1,noakhali city,yes,19818
749,3,1,raipur city,no,9234
374,1,1,noakhali city,no,6281
951,4,4,noakhali city,no,26488
829,2,1,feni city,no,10898
1337,2,2,lakshmipur city,yes,23208
1494,4,1,feni city,yes,23145
1374,3,1,lakshmipur city,yes,22476
1212,2,1,lakshmipur city,no,18744
1701,3,2,lakshmipur city,yes,30000
1066,5,4,lakshmipur city,no,27237
699,2,2,lakshmipur city,yes,13101
1586,3,3,noakhali city,yes,30000
889,2,1,noakhali city,yes,15419
691,3,3,lakshmipur city,no,12975
501,2,1,noakhali city,yes,9697
1799,3,2,lakshmipur city,yes,30000
1513,2,1,feni city,no,19489
1450,4,2,feni city,yes,24620
1004,3,3,raipur city,yes,15130
700,2,2,feni city,yes,9937
1787,3,2,feni city,yes,28018
500,2,2,noakhali city,yes,9928
1392,3,3,lakshmipur city,yes,28879
1558,2,1,noakhali city,yes,28136
1294,3,1,lakshmipur city,yes,24605
1005,2,1,noakhali city,yes,19048
836,3,1,noakhali city,no,16101
1084,2,2,noakhali city,yes,23615
1164,3,1,noakhali city,no,21490
831,3,3,feni city,yes,14613
429,1,1,lakshmipur city,yes,6429
1619,2,2,lakshmipur city,no,24488
1128,2,1,feni city,yes,15424
1509,3,1,lakshmipur city,yes,27116
907,2,1,feni city,no,11627
1078,2,2,lakshmipur city,yes,18707
496,2,2,feni city,yes,7443
1125,2,2,feni city,no,14981
482,2,1,raipur city,yes,5429
1207,4,1,noakhali city,yes,26888
1616,3,2,lakshmipur city,no,28432
1430,2,1,feni city,yes,20596
1219,2,2,feni city,yes,17133
1296,3,2,noakhali city,yes,30000
751,2,2,feni city,yes,11122
1333,3,3,noakhali city,yes,30000
1351,2,2,lakshmipur city,yes,24882
905,2,1,raipur city,yes,9910
940,3,3,noakhali city,no,19360
975,2,2,feni city,yes,13138
1603,2,1,lakshmipur city,no,21640
1413,3,2,raipur city,yes,19440
730,3,2,raipur city,yes,9776
2055,5,2,lakshmipur city,no,30000
727,2,1,lakshmipur city,yes,12377
406,1,1,raipur city,yes,5000
534,2,1,feni city,yes,7532
1158,4,1,noakhali city,no,23557
1132,3,3,noakhali city,yes,25570
641,2,2,feni city,yes,9293
948,2,1,lakshmipur city,no,15269
1427,2,2,lakshmipur city,yes,26698
1122,3,1,feni city,yes,16148
1448,2,2,noakhali city,yes,28863
1020,3,1,raipur city,yes,13654
1114,3,3,feni city,no,16504
775,2,2,feni city,yes,11893
1532,3,2,noakhali city,yes,30000
1150,3,3,lakshmipur city,yes,22571
646,2,2,noakhali city,no,13004
923,4,1,noakhali city,yes,21329
1360,2,1,raipur city,yes,16166
1888,4,4,noakhali city,yes,30000
1104,2,2,lakshmipur city,yes,20643
689,2,2,lakshmipur city,yes,11174
484,2,2,lakshmipur city,no,8034
1327,2,1,feni city,no,17678
721,2,2,noakhali city,no,14502
1027,2,1,lakshmipur city,yes,16673
657,2,1,noakhali city,no,10172
1690,3,1,feni city,no,21447
827,3,1,lakshmipur city,yes,13278
1078,3,2,lakshmipur city,yes,19609
899,2,2,feni city,yes,13384
557,2,1,lakshmipur city,yes,9774
1738,3,1,lakshmipur city,yes,28196
1256,3,3,noakhali city,yes,28444
1101,2,1,lakshmipur city,no,15918
1497,2,1,feni city,yes,19931
828,3,2,lakshmipur city,yes,15418
377,1,1,raipur city,yes,5000
1282,3,3,noakhali city,yes,30000
620,2,2,noakhali city,yes,11219
1327,2,1,noakhali city,yes,24572
2043,5,4,raipur city,yes,30000
1561,2,1,noakhali city,no,25322
549,2,1,lakshmipur city,yes,9304
1004,3,3,raipur city,yes,13434
1406,1,1,raipur city,no,11999
808,3,2,raipur city,yes,9920
1429,3,1,lakshmipur city,yes,24138
857,3,1,noakhali city,yes,16293
1446,2,2,feni city,yes,21968
1479,4,3,lakshmipur city,no,29435
1319,2,2,noakhali city,yes,26405
788,3,1,noakhali city,yes,17570
1677,3,1,lakshmipur city,yes,30000
1448,2,1,raipur city,yes,17397
1284,4,4,raipur city,yes,23488
1150,2,1,noakhali city,yes,21233
747,2,2,lakshmipur city,no,12155
846,3,2,feni city,yes,12981
1196,3,2,feni city,yes,18606
1584,3,2,lakshmipur city,no,29472
471,2,1,lakshmipur city,yes,8107
922,2,1,lakshmipur city,no,13740
637,3,2,feni city,yes,9605
883,2,1,noakhali city,yes,17363
659,3,1,lakshmipur city,yes,10576
1049,2,2,lakshmipur city,no,17890
1781,4,1,noakhali city,yes,30000
1097,3,3,lakshmipur city,no,19872
1197,1,1,noakhali city,yes,19733
1298,2,1,noakhali city,yes,24068
711,2,2,raipur city,no,8212
949,4,2,lakshmipur city,yes,21862
1055,2,1,noakhali city,no,18317
942,1,1,noakhali city,yes,15423
1717,3,2,noakhali city,no,30000
1729,3,1,lakshmipur city,yes,30000
1102,2,1,noakhali city,no,20368
791,2,1,lakshmipur city,yes,12044
1755,3,1,noakhali city,yes,30000
1658,3,2,lakshmipur city,no,28513
987,2,1,raipur city,yes,10418
1139,2,2,feni city,yes,15854
1786,3,2,feni city,no,26667
1059,4,4,raipur city,yes,17198
895,3,2,noakhali city,no,18258
691,2,1,raipur city,no,6852
1898,4,3,lakshmipur city,yes,30000
944,3,2,noakhali city,yes,22555
1609,3,1,feni city,yes,23067
1830,4,4,noakhali city,no,30000
1144,3,3,lakshmipur city,yes,21801
887,4,1,raipur city,yes,12676
1204,2,2,noakhali city,no,21609
1251,3,1,raipur city,yes,16138
1554,2,2,noakhali city,no,30000
829,2,2,noakhali city,yes,15842
1204,3,3,raipur city,yes,16098
1303,3,3,noakhali city,yes,29460
1368,2,2,lakshmipur city,yes,25464
581,2,1,noakhali city,yes,11797
895,3,1,noakhali city,yes,19076
1295,2,1,raipur city,no,14318
1622,3,2,noakhali city,yes,30000
821,2,2,noakhali city,no,16431
1412,2,1,lakshmipur city,yes,22133
1249,4,1,noakhali city,yes,28157
771,2,1,lakshmipur city,yes,11972
1391,4,1,raipur city,yes,17515
1157,2,1,noakhali city,yes,21066
713,3,1,feni city,no,9913
1384,2,2,raipur city,yes,17534
750,4,3,noakhali city,yes,18829
1452,4,1,lakshmipur city,yes,28658
1799,3,1,noakhali city,yes,30000
1534,3,1,feni city,yes,24330
1265,3,1,raipur city,yes,14363
552,2,1,noakhali city,yes,11103
1255,2,2,lakshmipur city,no,21007
1725,3,3,noakhali city,yes,30000
1041,1,1,lakshmipur city,yes,13454
1662,4,2,lakshmipur city,yes,30000
608,3,2,lakshmipur city,no,11611
1168,1,1,feni city,no,13383
772,1,1,noakhali city,yes,11725
778,2,1,noakhali city,no,12042
902,2,2,raipur city,no,10738
924,3,2,feni city,yes,15778
1104,3,3,lakshmipur city,yes,23953
709,2,1,feni city,yes,8970
1117,3,3,lakshmipur city,yes,23190
1494,2,1,raipur city,yes,16670
1133,3,3,lakshmipur city,yes,23609
1076,4,2,raipur city,yes,16061
781,2,1,raipur city,yes,7824
1573,2,1,noakhali city,no,25751
887,2,2,raipur city,yes,10306
949,2,1,feni city,no,12113
891,2,1,feni city,yes,13208
1544,3,2,lakshmipur city,no,26088
626,2,1,raipur city,no,6715
839,3,2,feni city,no,13298
1340,2,2,raipur city,yes,16755
804,3,1,lakshmipur city,no,12561
1210,3,3,raipur city,yes,17805
1439,3,3,lakshmipur city,yes,30000
1148,1,1,noakhali city,no,17121
1613,3,1,noakhali city,yes,30000
1609,3,3,feni city,yes,28819
1567,4,1,lakshmipur city,yes,30000
1493,2,1,noakhali city,no,25796
680,1,1,raipur city,no,6329
648,2,1,feni city,yes,8371
679,1,1,raipur city,no,6751
1562,2,2,lakshmipur city,yes,29488
1164,3,3,noakhali city,no,26075
1493,4,2,raipur city,yes,20859
516,2,1,raipur city,no,5379
979,2,1,raipur city,yes,10282
1600,3,1,noakhali city,yes,30000
1096,3,1,raipur city,yes,12421
1061,2,2,lakshmipur city,no,18479
993,4,3,noakhali city,no,22994
769,2,2,noakhali city,yes,15994
1050,3,1,lakshmipur city,yes,18653
1722,4,4,noakhali city,yes,30000
1192,3,3,lakshmipur city,no,21758
1119,3,2,noakhali city,yes,25980
785,3,2,lakshmipur city,no,14624
845,2,1,noakhali city,no,14189
1119,2,1,noakhali city,yes,21735
1530,3,3,noakhali city,yes,30000
739,3,1,noakhali city,yes,15561
527,2,1,lakshmipur city,yes,8139
1597,2,2,noakhali city,yes,30000
811,2,1,raipur city,yes,9238
1626,3,1,feni city,yes,25764
480,1,1,raipur city,yes,5000
1636,3,2,lakshmipur city,yes,29053
827,3,1,noakhali city,yes,17956
963,2,1,feni city,yes,13368
654,3,1,noakhali city,yes,12310
1218,3,2,raipur city,yes,16827
809,3,3,noakhali city,yes,17722
1305,2,2,feni city,yes,19232
1638,2,1,feni city,yes,21188
927,3,2,lakshmipur city,yes,17379
1086,3,3,lakshmipur city,no,21792
735,2,2,feni city,yes,11293
821,2,2,lakshmipur city,yes,14434
1038,3,2,feni city,yes,17496
1388,2,2,lakshmipur city,yes,24976
1440,2,1,feni city,yes,20791
836,2,1,noakhali city,yes,16939
1441,2,1,lakshmipur city,yes,21272
1650,2,1,noakhali city,yes,30000
884,2,2,noakhali city,yes,17332
770,3,3,noakhali city,yes,16872
594,2,1,raipur city,yes,6614
931,2,2,noakhali city,yes,17811
722,2,2,lakshmipur city,yes,13687
703,2,1,lakshmipur city,yes,11114
1307,2,1,lakshmipur city,no,17758
1354,3,3,noakhali city,yes,30000
1456,2,2,raipur city,yes,17831
1038,3,2,noakhali city,no,19697
760,2,1,lakshmipur city,yes,12590
1198,3,3,feni city,yes,21035
1450,3,3,lakshmipur city,yes,30000
1024,3,2,raipur city,no,11469
1238,3,3,feni city,no,18743
1163,3,3,lakshmipur city,yes,23570
1199,2,1,noakhali city,no,20999
1510,2,2,lakshmipur city,no,25810
1579,2,1,feni city,yes,20773
1101,3,1,noakhali city,no,20715
615,3,1,feni city,yes,9412
1579,3,2,noakhali city,yes,30000
1712,3,1,lakshmipur city,no,28010
776,3,1,feni city,yes,11121
1281,3,2,feni city,yes,20152
684,3,1,lakshmipur city,yes,12073
1247,4,4,feni city,no,23775
1450,3,1,noakhali city,yes,30000
1679,3,3,raipur city,yes,25563
595,2,1,feni city,no,7461
1018,3,3,raipur city,yes,14413
1293,2,2,noakhali city,yes,25214
1489,3,3,raipur city,yes,23167
1430,1,1,feni city,yes,17285
1156,1,1,noakhali city,yes,19876
589,2,2,raipur city,no,7063
934,2,1,noakhali city,no,15421
1131,2,2,feni city,yes,17253
1455,2,1,lakshmipur city,yes,23796
1068,2,2,lakshmipur city,no,16033
1073,3,3,noakhali city,yes,27915
1509,2,2,lakshmipur city,yes,25818
854,2,2,lakshmipur city,no,14913
694,2,1,noakhali city,yes,13855
305,1,1,lakshmipur city,no,5000
1577,3,1,noakhali city,yes,29885
1339,2,2,noakhali city,no,22606
496,2,1,feni city,yes,6760
1550,2,1,feni city,no,17744
1004,2,1,noakhali city,yes,16844
673,3,1,noakhali city,yes,14873
1281,2,1,feni city,no,14582
1474,2,1,raipur city,yes,15174
700,2,1,noakhali city,no,12360
940,3,2,noakhali city,yes,22382
825,2,1,noakhali city,yes,16147
740,3,2,feni city,no,10815
1264,5,4,noakhali city,yes,30000
1429,4,1,lakshmipur city,no,25466
742,3,2,raipur city,yes,9632
711,2,2,raipur city,yes,8407
669,3,1,noakhali city,no,13828
819,2,1,noakhali city,no,14719
883,3,1,noakhali city,no,17304
810,2,1,lakshmipur city,yes,12082
1248,3,3,raipur city,yes,18941
1304,5,4,noakhali city,yes,30000
475,1,1,noakhali city,yes,7778
1187,3,2,lakshmipur city,yes,24702
970,2,2,lakshmipur city,no,14102
1077,2,2,raipur city,yes,13015
1255,2,2,noakhali city,no,22909
822,4,2,lakshmipur city,yes,15663
1147,1,1,lakshmipur city,yes,16355
658,3,1,lakshmipur city,no,11709
1214,5,4,raipur city,yes,21529
911,2,1,feni city,yes,12328
1684,4,3,lakshmipur city,yes,30000
826,3,3,noakhali city,no,17963
1561,2,2,raipur city,yes,20086
1457,2,2,noakhali city,yes,30000
1254,1,1,noakhali city,yes,20835
760,3,1,noakhali city,yes,17096
1391,3,3,lakshmipur city,no,27626
1497,2,1,lakshmipur city,yes,23693
1597,2,1,lakshmipur city,no,24506
473,2,1,raipur city,yes,5269
1638,3,1,feni city,yes,25139
1602,2,1,lakshmipur city,yes,27447
955,5,2,lakshmipur city,yes,23359
1510,3,1,raipur city,yes,18076
653,3,3,noakhali city,yes,16519
1130,2,1,noakhali city,yes,22504
875,3,3,feni city,no,14398
732,2,1,raipur city,yes,7964
904,3,1,feni city,yes,13810
1198,2,2,noakhali city,no,23921
1234,3,3,lakshmipur city,yes,27380
756,3,2,noakhali city,yes,15914
729,3,3,feni city,yes,13888
1435,3,2,feni city,yes,23337
1726,3,3,lakshmipur city,no,30000
458,2,2,noakhali city,yes,9000
1084,3,2,feni city,yes,16948
816,2,2,lakshmipur city,yes,15202
1643,2,1,noakhali city,yes,27577
1610,2,1,noakhali city,yes,30000
608,3,2,raipur city,yes,8352
600,2,1,feni city,no,7934
1731,3,3,lakshmipur city,yes,30000
913,3,1,feni city,no,12155
1059,3,2,noakhali city,yes,22790
706,2,2,feni city,yes,11293
509,2,1,feni city,yes,6655
1109,2,2,noakhali city,yes,21465
1469,3,1,lakshmipur city,yes,28193
759,2,2,lakshmipur city,no,13054
1323,3,1,lakshmipur city,yes,23300
1078,2,1,feni city,no,14180
1511,2,1,noakhali city,yes,27631
1065,2,1,feni city,yes,14986
969,2,1,noakhali city,yes,17107
999,2,1,lakshmipur city,no,16088
523,2,2,noakhali city,yes,11468
1172,2,2,feni city,no,16583
1152,2,1,raipur city,no,10950
986,2,2,noakhali city,yes,21057
875,2,2,noakhali city,yes,18155
1001,2,2,raipur city,no,11374
712,3,1,lakshmipur city,yes,13029
730,2,1,feni city,yes,10830
505,2,1,noakhali city,no,9041
1190,3,2,raipur city,yes,14421
1501,3,2,raipur city,no,18151
1431,1,1,feni city,yes,16760
672,2,1,feni city,yes,9194
1269,3,2,noakhali city,no,25633
1254,2,2,lakshmipur city,yes,21026
887,3,2,noakhali city,no,16616
1466,3,2,noakhali city,no,27857
716,2,2,raipur city,yes,8240
1181,4,3,lakshmipur city,yes,27261
1444,2,1,noakhali city,yes,25016
1151,2,1,noakhali city,yes,20808
1057,2,2,noakhali city,yes,22544
477,2,1,noakhali city,yes,8600
672,2,2,noakhali city,yes,14150
629,2,2,raipur city,yes,8112
768,2,1,lakshmipur city,yes,13508
1077,3,3,raipur city,yes,15161
831,1,1,lakshmipur city,yes,11800
923,1,1,lakshmipur city,yes,13319
1280,2,1,lakshmipur city,no,19191
1114,2,2,lakshmipur city,yes,19380
894,3,3,lakshmipur city,no,16429
1181,2,2,noakhali city,yes,25822
615,3,1,lakshmipur city,yes,10437
1006,3,3,noakhali city,yes,22071
1798,4,1,noakhali city,yes,30000
1413,2,1,lakshmipur city,yes,21208
809,2,1,feni city,yes,11739
451,2,2,noakhali city,yes,8142
1629,2,1,lakshmipur city,no,24484
1420,3,3,noakhali city,no,30000
1180,3,3,lakshmipur city,no,22740
1239,3,2,noakhali city,yes,25423
1286,2,2,noakhali city,yes,27715
1048,2,2,noakhali city,yes,20861
934,3,1,feni city,no,13396
926,3,1,noakhali city,yes,19090
1223,2,2,feni city,yes,17216
959,2,2,noakhali city,yes,18123
1687,3,3,feni city,yes,29741
664,3,2,feni city,yes,9922
575,2,2,feni city,yes,9043
1607,3,3,feni city,no,27488
1092,3,3,noakhali city,yes,25748
875,3,3,lakshmipur city,yes,18536
1410,2,1,noakhali city,no,21919
811,2,2,lakshmipur city,no,12277
1175,2,2,lakshmipur city,yes,21131
1371,3,3,noakhali city,no,30000
1129,2,2,noakhali city,yes,21476
1023,3,2,noakhali city,yes,21575
1665,3,3,feni city,yes,27260
798,2,2,lakshmipur city,yes,13349
1214,4,3,lakshmipur city,yes,25082
1880,4,4,noakhali city,yes,30000
1045,3,2,noakhali city,no,22697
1688,3,3,noakhali city,yes,30000
1149,3,1,noakhali city,yes,23695
953,2,1,lakshmipur city,yes,15788
1339,3,3,noakhali city,yes,30000
1199,3,3,lakshmipur city,yes,26216
682,2,1,noakhali city,no,10888
1450,2,1,lakshmipur city,yes,21065
648,2,2,lakshmipur city,yes,10144
548,2,2,feni city,yes,7400
615,2,2,lakshmipur city,no,10157
1592,2,2,lakshmipur city,yes,29658
1499,2,2,feni city,yes,23903
611,2,1,lakshmipur city,no,9364
585,2,2,noakhali city,no,11579
948,2,1,noakhali city,yes,16337
1614,2,1,feni city,yes,21535
1320,4,3,lakshmipur city,no,29125
1386,3,1,lakshmipur city,yes,26318
1252,3,3,lakshmipur city,yes,26480
1476,2,1,noakhali city,yes,28211
1304,3,3,noakhali city,yes,30000
684,2,1,noakhali city,yes,11496
1093,1,1,lakshmipur city,yes,14703
476,1,1,lakshmipur city,yes,6468
1598,3,1,raipur city,yes,19810
745,2,1,lakshmipur city,yes,11976
1203,2,1,noakhali city,yes,21617
1465,3,2,noakhali city,yes,30000
1264,3,2,noakhali city,yes,26419
792,2,2,noakhali city,yes,15948
1644,4,2,lakshmipur city,no,29054
1261,2,1,feni city,yes,17886
1316,3,2,lakshmipur city,yes,26689
1191,3,1,lakshmipur city,no,21062
1621,4,1,noakhali city,yes,30000
1201,2,2,lakshmipur city,yes,22306
697,2,1,raipur city,yes,8401
735,2,1,raipur city,no,8263
484,2,1,feni city,yes,6843
1783,3,2,lakshmipur city,no,30000
1452,3,2,lakshmipur city,yes,25766
919,3,3,noakhali city,no,19858
861,2,2,lakshmipur city,yes,14188
1157,4,2,lakshmipur city,no,21854
630,2,2,feni city,no,7970
1515,2,1,noakhali city,yes,26490
707,2,1,noakhali city,yes,12397
798,3,3,feni city,no,12836
687,3,3,raipur city,no,8721
646,2,1,lakshmipur city,yes,9888
616,2,2,raipur city,no,6285
702,3,2,noakhali city,yes,16593
1258,2,1,noakhali city,no,20890
560,2,1,lakshmipur city,yes,9116
888,2,2,lakshmipur city,no,14773
1700,3,2,feni city,yes,25554
1406,3,1,raipur city,yes,18217
750,2,2,feni city,yes,10829
805,2,1,noakhali city,no,14279
1295,3,2,feni city,no,18643
670,2,2,noakhali city,no,13074
1196,3,3,noakhali city,yes,28803
620,2,2,lakshmipur city,yes,10056
709,3,1,noakhali city,yes,13440
1503,3,2,noakhali city,yes,30000
1227,2,2,noakhali city,yes,23792
481,2,1,raipur city,yes,5399
1130,4,2,lakshmipur city,yes,24439
843,2,2,noakhali city,no,16379
1524,2,2,raipur city,yes,19805
1071,2,2,noakhali city,yes,20815
1559,3,2,lakshmipur city,no,28137
899,2,1,lakshmipur city,no,14351
997,2,1,noakhali city,yes,17022
1325,3,3,noakhali city,no,26742
1274,2,1,raipur city,no,12994
788,2,1,noakhali city,yes,14944
1607,3,2,feni city,yes,27217
1591,2,2,lakshmipur city,yes,28673
1183,1,1,noakhali city,yes,20291
1250,2,1,lakshmipur city,yes,20670
1543,2,2,feni city,yes,22413
1266,3,3,noakhali city,yes,30000
485,2,1,raipur city,yes,5437
833,3,3,noakhali city,yes,17996
572,2,2,noakhali city,yes,12177
1078,5,2,lakshmipur city,no,21131
1348,2,2,noakhali city,yes,24509
902,2,1,lakshmipur city,no,13371
917,2,1,feni city,yes,11450
1315,2,1,lakshmipur city,yes,19983
1724,4,2,noakhali city,yes,30000
1771,3,3,raipur city,no,24269
1570,3,1,feni city,yes,25475
1583,2,2,noakhali city,yes,30000
1195,3,2,feni city,yes,18387
1305,3,3,noakhali city,yes,30000
1007,3,3,lakshmipur city,yes,21335
1458,3,3,raipur city,no,18263
699,3,3,feni city,yes,12919
1597,3,3,noakhali city,yes,30000
632,2,1,noakhali city,no,11323
517,1,1,noakhali city,no,8149
730,2,1,noakhali city,yes,14246
661,3,2,lakshmipur city,yes,12835
732,2,1,noakhali city,yes,12455
1207,4,4,raipur city,yes,19610
1162,2,2,noakhali city,no,19769
1410,2,2,lakshmipur city,yes,26544
1539,4,3,feni city,yes,29337
809,2,1,feni city,yes,10141
872,3,2,noakhali city,yes,17993
1574,2,1,noakhali city,yes,30000
937,2,2,noakhali city,yes,18729
1660,3,3,lakshmipur city,no,30000
1654,3,2,lakshmipur city,yes,28834
1656,3,1,lakshmipur city,no,24729
1778,3,2,noakhali city,yes,30000
1539,3,3,lakshmipur city,yes,30000
1477,2,2,noakhali city,yes,28314
1262,5,3,noakhali city,yes,30000
861,3,1,lakshmipur city,yes,14725
889,2,2,lakshmipur city,yes,16158
682,2,2,noakhali city,no,12678
564,2,2,lakshmipur city,yes,9197
1744,3,1,noakhali city,yes,30000
1733,3,3,raipur city,no,23455
1003,3,1,raipur city,yes,11533
1015,2,1,lakshmipur city,yes,15111
1783,3,1,feni city,yes,25769
994,5,4,noakhali city,no,26319
1324,2,2,lakshmipur city,yes,23397
1450,2,2,feni city,yes,23187
1754,3,3,raipur city,yes,25194
860,3,1,lakshmipur city,yes,14974
1729,3,1,lakshmipur city,yes,29438
1620,2,1,noakhali city,yes,29416
1562,3,3,noakhali city,yes,30000
1163,3,1,noakhali city,yes,24455
475,2,1,lakshmipur city,no,7605
965,2,2,raipur city,yes,12336
1611,3,3,feni city,yes,28386
1148,4,1,feni city,yes,19898
1106,2,1,noakhali city,no,17447
1170,3,2,noakhali city,yes,26366
1307,3,1,lakshmipur city,yes,22796
996,3,2,feni city,yes,15982
1387,1,1,raipur city,yes,13591
1546,2,1,feni city,yes,21526
1619,3,2,raipur city,no,20495
966,2,1,feni city,no,12346
1092,4,4,raipur city,yes,18617
1554,3,2,lakshmipur city,no,28970
1163,3,1,noakhali city,no,23587
1792,3,1,raipur city,yes,20050
517,1,1,noakhali city,yes,8937
1780,4,4,noakhali city,no,30000
1647,3,3,feni city,no,24423
1101,3,2,lakshmipur city,yes,23178
703,3,3,noakhali city,yes,15098
656,2,2,raipur city,yes,7501
712,3,3,feni city,yes,12334
1776,3,1,lakshmipur city,yes,30000
804,2,1,lakshmipur city,no,12721
1627,2,2,raipur city,yes,21230
614,3,1,lakshmipur city,yes,11272
609,2,2,lakshmipur city,yes,11043
1285,2,2,noakhali city,yes,25114
1093,3,3,lakshmipur city,yes,22347
1167,2,2,lakshmipur city,yes,21798
799,2,1,feni city,yes,11030
890,2,1,noakhali city,yes,17011
1115,1,1,lakshmipur city,no,15682
827,3,1,lakshmipur city,yes,15014
817,2,1,noakhali city,no,13712
637,2,1,noakhali city,no,10846
926,1,1,feni city,no,9551
707,3,1,noakhali city,yes,13655
1290,4,3,noakhali city,yes,30000
1543,3,1,feni city,yes,23748
459,2,2,feni city,no,5695
1595,2,1,lakshmipur city,yes,25346
834,2,1,noakhali city,yes,15050
626,2,2,lakshmipur city,no,10625
947,2,2,noakhali city,no,18316
1333,2,2,lakshmipur city,yes,21023
1317,3,1,lakshmipur city,no,20986
1080,3,1,raipur city,no,12542
485,2,1,lakshmipur city,yes,8350
831,4,4,noakhali city,yes,21625
1107,2,2,noakhali city,yes,22850
826,1,1,raipur city,yes,7682
1390,2,1,raipur city,yes,14488
1548,2,2,lakshmipur city,yes,26104
856,3,1,lakshmipur city,no,14352
1591,2,2,noakhali city,no,30000
1628,2,1,raipur city,yes,17455
1206,2,2,feni city,yes,17619
1213,2,2,feni city,yes,19499
1731,4,1,lakshmipur city,yes,30000
1371,3,1,lakshmipur city,yes,23725
1225,1,1,raipur city,yes,12741
1293,2,2,lakshmipur city,yes,21689
774,2,1,noakhali city,yes,15707
1023,2,1,noakhali city,no,19238
547,2,1,lakshmipur city,yes,9381
674,3,1,noakhali city,yes,12602
1599,2,2,noakhali city,yes,30000
1235,2,2,feni city,yes,18721
849,3,2,noakhali city,no,16687
1565,4,2,feni city,yes,25365
445,1,1,feni city,no,5262
905,3,1,lakshmipur city,no,13583
764,4,2,lakshmipur city,yes,16783
753,3,2,lakshmipur city,yes,13272
625,1,1,feni city,yes,8117
868,3,2,feni city,no,12563
1555,5,1,noakhali city,no,30000
699,3,2,noakhali city,yes,14357
1454,2,1,raipur city,yes,15862
840,3,1,noakhali city,yes,16113
1387,2,2,feni city,no,17584
1395,3,3,noakhali city,yes,30000
997,2,2,lakshmipur city,no,15002
1616,3,3,raipur city,yes,23917
1626,3,2,raipur city,yes,22975
1613,3,3,raipur city,yes,23165
974,3,1,noakhali city,no,18703
785,2,2,noakhali city,no,15401
1670,3,1,lakshmipur city,no,25953
894,4,2,noakhali city,yes,21963
1020,2,1,raipur city,no,11151
1322,2,2,noakhali city,yes,26610
1600,3,2,lakshmipur city,no,30000
2028,5,3,noakhali city,yes,30000
1329,3,3,noakhali city,yes,30000
882,2,1,raipur city,no,9225
1702,3,2,raipur city,no,20521
524,2,2,raipur city,yes,6537
1501,2,2,lakshmipur city,yes,27565
1365,4,3,raipur city,no,20002
1650,3,1,feni city,yes,26315
1550,2,2,raipur city,yes,20325
1556,3,1,lakshmipur city,yes,25352
864,3,3,feni city,yes,13712
920,3,2,lakshmipur city,yes,16920
617,2,2,noakhali city,no,11419
1451,3,1,feni city,yes,21086
462,1,1,lakshmipur city,no,6614
667,2,2,feni city,yes,10518
1426,2,2,raipur city,yes,17783
1234,3,2,noakhali city,yes,27449
1719,3,1,lakshmipur city,yes,29743
1241,4,1,lakshmipur city,no,20278
1170,2,1,feni city,no,14604
1552,3,1,lakshmipur city,yes,26316
1045,3,2,noakhali city,yes,21212
1373,3,1,raipur city,no,15428
1385,3,3,raipur city,yes,19361
1515,3,2,lakshmipur city,no,25664
1783,3,3,noakhali city,yes,30000
606,3,2,lakshmipur city,yes,11262
1019,4,1,noakhali city,yes,21390
1691,3,1,noakhali city,yes,30000
762,2,1,lakshmipur city,yes,12554
924,4,4,feni city,yes,19896
1669,3,1,raipur city,yes,20957
860,2,2,raipur city,yes,11096
1304,1,1,feni city,yes,16908
883,3,1,raipur city,yes,11561
703,3,3,lakshmipur city,no,13685
1415,2,2,noakhali city,yes,28962
857,2,2,raipur city,yes,10418
680,2,2,noakhali city,no,12835
1062,2,2,noakhali city,yes,19851
695,2,2,noakhali city,yes,12555
1333,2,1,lakshmipur city,no,21481
1749,3,1,noakhali city,no,30000
1176,3,3,lakshmipur city,no,23602
934,2,2,noakhali city,no,17554
1318,3,1,noakhali city,no,26487
1220,3,1,feni city,yes,18946
1702,3,2,noakhali city,yes,30000
1546,2,1,lakshmipur city,no,25195
1712,3,2,lakshmipur city,no,30000
658,3,3,lakshmipur city,yes,14481
1154,2,2,raipur city,yes,14088
714,2,1,lakshmipur city,no,11406
1608,5,4,noakhali city,yes,30000
814,3,1,feni city,yes,12362
1179,3,3,noakhali city,yes,26826
1101,3,3,lakshmipur city,yes,21639
1557,3,2,noakhali city,yes,30000
958,3,2,lakshmipur city,no,18650
1195,3,1,lakshmipur city,no,19508
620,2,2,lakshmipur city,no,9467
1018,3,1,raipur city,no,11513
1247,2,1,lakshmipur city,yes,19505
735,3,2,raipur city,no,8195
1579,2,2,noakhali city,yes,29004
736,2,2,lakshmipur city,no,10850
604,3,3,noakhali city,yes,14085
662,2,1,raipur city,yes,7938
1008,2,2,noakhali city,yes,20673
724,3,1,noakhali city,no,13715
854,1,1,noakhali city,yes,15289
707,2,2,raipur city,yes,8209
1096,2,1,raipur city,yes,11810
1053,2,1,lakshmipur city,yes,16279
863,2,1,feni city,no,11364
526,2,2,raipur city,yes,6580
684,2,2,noakhali city,no,12918
619,2,1,lakshmipur city,yes,10130
752,3,1,raipur city,yes,9662
805,2,2,lakshmipur city,yes,13166
1026,2,1,noakhali city,yes,20225
824,3,3,noakhali city,yes,18278
1049,4,2,noakhali city,yes,23516
1659,3,3,feni city,yes,30000
640,2,1,raipur city,no,6583
1345,3,1,noakhali city,yes,25706
1246,4,1,lakshmipur city,yes,26059
1320,3,1,noakhali city,yes,29639
964,3,3,noakhali city,yes,21220
1137,2,1,noakhali city,yes,19035
494,2,2,noakhali city,yes,9435
1748,3,3,raipur city,no,22079
1785,3,3,feni city,no,26774
908,2,2,feni city,yes,13386
1314,4,1,noakhali city,no,28314
695,3,3,noakhali city,yes,16065
1786,3,1,feni city,yes,28144
496,2,1,raipur city,yes,5140
734,3,1,feni city,yes,9973
865,1,1,noakhali city,yes,14249
969,2,2,noakhali city,yes,20219
1117,2,1,noakhali city,yes,19090
843,2,2,noakhali city,yes,17166
1543,3,3,raipur city,yes,20545
1147,4,3,lakshmipur city,no,21991
1578,2,1,feni city,yes,20088
1748,3,1,raipur city,yes,22797
862,3,3,lakshmipur city,no,15776
1274,3,2,raipur city,no,16658
1539,3,1,feni city,yes,21791
590,2,2,noakhali city,no,11647
1468,2,2,lakshmipur city,no,22767
1090,3,2,noakhali city,no,24314
590,2,2,lakshmipur city,yes,10552
976,3,2,feni city,no,13886
1605,2,1,raipur city,yes,17951
1495,3,1,noakhali city,no,29612
1276,2,1,lakshmipur city,yes,20719
1061,2,2,raipur city,no,12135
1364,2,1,noakhali city,yes,25466
886,2,1,raipur city,yes,10325
1230,2,1,lakshmipur city,no,18876
453,2,2,lakshmipur city,yes,7106
1093,2,1,feni city,yes,14422
452,2,1,lakshmipur city,yes,7202
1151,3,2,raipur city,yes,14233
1006,3,1,noakhali city,yes,21780
656,3,1,raipur city,no,7077
1274,2,2,noakhali city,no,24484
559,2,2,lakshmipur city,yes,10542
1462,2,1,noakhali city,no,25619
1007,2,2,feni city,no,12981
1234,2,2,lakshmipur city,no,19626
871,3,2,noakhali city,yes,19144
1400,2,2,noakhali city,yes,26646
1746,3,1,lakshmipur city,yes,30000
1762,3,3,noakhali city,no,30000
1040,3,2,feni city,yes,17391
1878,4,2,raipur city,yes,25039
739,3,1,feni city,yes,12017
814,3,3,lakshmipur city,no,16739
1235,3,1,noakhali city,yes,26567
962,3,3,noakhali city,yes,24441
1085,2,1,noakhali city,yes,21077
1500,3,2,raipur city,yes,19793
1334,3,3,feni city,yes,21828
688,2,1,noakhali city,no,12086
1053,3,1,raipur city,no,10943
725,2,1,noakhali city,yes,12237
1612,3,2,noakhali city,yes,30000
1488,2,2,lakshmipur city,yes,27112
1472,3,1,noakhali city,yes,30000
1480,2,1,noakhali city,yes,25963
1033,3,3,noakhali city,yes,23967
1060,4,4,noakhali city,yes,29045
1070,3,1,raipur city,yes,13389
1082,2,1,raipur city,yes,12059
936,2,1,noakhali city,yes,16337
902,2,1,noakhali city,no,16749
720,3,1,noakhali city,yes,15908
1486,2,1,feni city,yes,18227
879,2,1,feni city,yes,11442
802,2,1,noakhali city,yes,15704
459,2,2,lakshmipur city,yes,7957
1714,3,3,raipur city,no,22581
783,4,1,noakhali city,yes,18218
757,3,3,raipur city,yes,11507
1315,3,1,noakhali city,no,27367
1037,2,2,feni city,yes,15537
625,3,1,lakshmipur city,yes,11907
1355,4,3,raipur city,yes,19986
1084,2,2,noakhali city,yes,21338
1156,2,2,feni city,no,14380
1276,2,2,feni city,no,18519
1129,2,1,lakshmipur city,no,16790
1716,5,2,feni city,no,28503
754,2,1,lakshmipur city,no,11964
1168,2,1,lakshmipur city,yes,17983
558,2,1,lakshmipur city,yes,8358
485,2,1,feni city,yes,6954
1361,3,2,noakhali city,yes,30000
555,2,2,noakhali city,yes,11324
1383,2,2,lakshmipur city,yes,24824
1363,2,1,noakhali city,no,22562
1371,2,1,feni city,yes,19604
985,2,2,lakshmipur city,yes,17370
863,2,1,lakshmipur city,yes,12916
1143,2,1,noakhali city,yes,21321
547,2,1,feni city,yes,6924
966,3,2,feni city,no,13289
792,2,2,lakshmipur city,no,11561
1224,3,2,noakhali city,no,23720
757,2,1,feni city,yes,10075
1172,2,1,noakhali city,yes,22134
1604,3,1,raipur city,no,18533
1138,3,2,noakhali city,yes,23294
1137,2,2,lakshmipur city,yes,20113
1246,2,2,feni city,yes,19805
1354,2,2,feni city,yes,20295
810,2,1,lakshmipur city,yes,13490
1281,3,1,lakshmipur city,yes,21246
557,2,2,noakhali city,yes,11187
1386,2,1,raipur city,yes,15331
530,2,2,lakshmipur city,yes,8985
1010,3,3,feni city,no,16582
800,2,2,noakhali city,no,14859
1551,2,2,raipur city,yes,20082
1642,3,2,noakhali city,yes,30000
1234,3,3,raipur city,yes,18859
1912,4,4,lakshmipur city,yes,30000
1283,3,3,raipur city,yes,17990
979,2,2,noakhali city,yes,20532
1005,3,1,feni city,yes,14746
613,3,2,raipur city,yes,8592
1407,2,1,noakhali city,no,24789
1436,3,1,lakshmipur city,no,22627
1440,3,3,noakhali city,no,30000
1113,3,2,noakhali city,yes,26624
1716,3,2,noakhali city,no,30000
1549,4,4,raipur city,yes,24037
745,3,2,noakhali city,yes,16586
947,4,1,noakhali city,yes,21280
1124,2,2,raipur city,no,12636
1018,2,1,noakhali city,no,18354
1193,2,1,lakshmipur city,yes,20116
1546,4,4,noakhali city,yes,30000
1599,2,2,noakhali city,no,28451
1374,2,1,noakhali city,yes,25942
1338,3,1,lakshmipur city,no,20891
755,3,2,noakhali city,no,15388
660,2,1,feni city,no,8005
1423,2,1,feni city,yes,17813
1579,3,3,raipur city,no,20343
983,3,3,lakshmipur city,yes,19476
1281,3,2,noakhali city,yes,30000
1271,3,1,lakshmipur city,yes,20920
1541,3,3,feni city,no,23283
1376,3,1,noakhali city,no,25013
1000,3,1,noakhali city,no,20766
890,3,2,raipur city,yes,12458
1774,3,1,feni city,yes,26965
1049,3,1,raipur city,no,11133
1572,2,2,feni city,yes,22734
1342,2,2,lakshmipur city,yes,24540
1915,4,2,lakshmipur city,no,30000
884,2,2,lakshmipur city,no,15023
1538,3,2,lakshmipur city,yes,27694
759,2,2,raipur city,yes,8930
1400,3,1,noakhali city,yes,30000
724,2,1,noakhali city,yes,13308
1247,3,3,noakhali city,yes,30000
1759,3,1,raipur city,no,20621
1339,2,2,feni city,yes,21052
1579,2,1,noakhali city,yes,29947
451,2,2,feni city,yes,7013
1664,4,3,lakshmipur city,yes,30000
1603,3,1,feni city,yes,23185
1404,2,1,raipur city,no,14411
797,3,1,feni city,yes,11849
964,3,1,noakhali city,yes,20928
674,1,1,noakhali city,yes,10371
977,2,2,noakhali city,yes,21375
1800,3,2,feni city,yes,27244
1225,3,3,raipur city,no,15681
1161,3,2,feni city,yes,18120
1528,3,1,noakhali city,yes,30000
1414,3,3,lakshmipur city,yes,29103
1472,2,1,feni city,no,18714
680,2,1,feni city,yes,8399
701,3,2,feni city,yes,10717
1291,3,1,lakshmipur city,yes,24447
1301,2,2,lakshmipur city,yes,23416
1392,4,1,noakhali city,no,30000
921,3,3,feni city,no,13526
1256,2,1,feni city,no,14436
1769,3,2,noakhali city,yes,30000
610,2,1,lakshmipur city,yes,10462
460,2,2,noakhali city,no,9066
1374,2,1,lakshmipur city,no,21026
446,1,1,lakshmipur city,no,5771
1026,3,3,raipur city,no,14804
678,2,1,noakhali city,no,10496
1506,3,2,feni city,no,24277
1636,2,2,noakhali city,no,30000
1293,2,2,noakhali city,no,22312
902,3,1,lakshmipur city,yes,16883
1035,2,2,feni city,yes,16077
1738,3,3,feni city,yes,30000
1519,2,1,noakhali city,yes,29476
1240,2,1,lakshmipur city,yes,21384
1439,3,2,noakhali city,yes,30000
977,2,1,raipur city,yes,11863
695,3,3,noakhali city,no,14764
657,2,1,lakshmipur city,yes,10885
1385,2,1,noakhali city,yes,23523
1324,2,1,raipur city,yes,14805
1460,2,1,noakhali city,yes,24667
1186,3,3,lakshmipur city,yes,26639
908,3,1,lakshmipur city,yes,17283
1379,1,1,feni city,yes,15854
439,1,1,lakshmipur city,yes,5754
1189,3,1,lakshmipur city,no,19507
1347,2,1,lakshmipur city,yes,20271
749,2,1,noakhali city,yes,12643
811,3,2,feni city,yes,13066
1095,3,2,lakshmipur city,yes,19066
1572,3,1,feni city,yes,24835
1902,4,3,noakhali city,yes,30000
1923,5,2,noakhali city,yes,30000
1135,2,1,noakhali city,yes,20821
1065,3,3,lakshmipur city,yes,21169
1393,2,2,lakshmipur city,yes,23615
760,2,2,lakshmipur city,yes,14152
1587,2,2,noakhali city,yes,28783
625,3,2,feni city,yes,9303
607,3,1,feni city,yes,9612
1131,2,1,feni city,yes,16566
484,2,2,lakshmipur city,no,7330
1068,3,2,noakhali city,yes,22898
1516,3,3,noakhali city,no,30000
1622,2,1,lakshmipur city,no,24194
602,2,1,feni city,yes,8145
1284,3,1,feni city,yes,19347
517,2,2,raipur city,no,6178
1399,2,1,noakhali city,yes,23951
1147,3,3,feni city,yes,20730
1800,3,2,lakshmipur city,no,30000
727,3,3,lakshmipur city,yes,14667
1795,5,1,noakhali city,yes,30000
1308,2,1,noakhali city,yes,22538
753,2,2,noakhali city,yes,15233
603,3,1,noakhali city,no,10363
1287,3,2,lakshmipur city,yes,24216
1250,3,2,lakshmipur city,yes,23661
1206,2,2,lakshmipur city,yes,22459
1371,2,2,noakhali city,no,27845
1572,3,3,noakhali city,yes,30000
1117,2,1,lakshmipur city,yes,18294
1566,2,2,noakhali city,no,29939
1366,2,2,lakshmipur city,yes,25504
657,2,1,raipur city,yes,7337
548,2,2,raipur city,yes,6865
873,2,2,feni city,no,10844
1755,5,2,noakhali city,yes,30000
1927,4,3,raipur city,no,29312
1190,2,2,raipur city,no,12385
1377,3,1,noakhali city,yes,27270
785,2,2,lakshmipur city,no,12477
1201,2,2,noakhali city,yes,26349
1669,3,3,noakhali city,yes,30000
702,3,1,lakshmipur city,yes,13566
1775,3,2,noakhali city,no,30000
818,2,1,feni city,yes,10601
1638,2,1,raipur city,yes,17804
1077,2,1,noakhali city,no,17140
1128,2,1,noakhali city,yes,21216
1173,2,2,raipur city,yes,13320
1542,2,2,noakhali city,yes,27815
819,3,3,raipur city,yes,11478
1544,3,3,lakshmipur city,yes,30000
736,2,1,noakhali city,no,13210
1454,3,3,lakshmipur city,yes,30000
686,3,2,noakhali city,yes,14155
1431,3,3,noakhali city,yes,30000
634,3,2,lakshmipur city,yes,11091
1344,2,2,noakhali city,no,24650
1414,3,1,noakhali city,yes,26867
1508,2,1,raipur city,no,16214
1133,3,1,lakshmipur city,yes,18653
1114,2,1,raipur city,yes,13439
1500,4,2,raipur city,yes,23088
878,3,1,noakhali city,no,16178
844,3,2,lakshmipur city,yes,15393
1002,2,2,lakshmipur city,yes,17472
1329,3,3,feni city,no,21622
560,2,2,noakhali city,yes,10575
1640,2,1,raipur city,yes,19617
1223,2,2,noakhali city,yes,22300
1548,2,1,noakhali city,yes,29158
1462,4,1,noakhali city,no,30000
959,2,2,noakhali city,no,17808
1075,3,1,feni city,yes,15064
835,3,3,raipur city,yes,10838
857,2,1,noakhali city,yes,14458
702,2,2,feni city,no,8949
1601,3,2,noakhali city,yes,30000
837,2,1,noakhali city,yes,16031
1485,3,2,lakshmipur city,no,25919
663,3,2,raipur city,yes,8774
1650,3,3,noakhali city,yes,30000
1703,3,1,noakhali city,yes,30000
1265,2,2,noakhali city,no,23170
843,2,1,noakhali city,yes,16121
1298,4,3,feni city,no,21330
1066,3,2,raipur city,yes,13236
1136,3,2,lakshmipur city,yes,19712
844,2,2,raipur city,yes,10673
522,2,1,raipur city,yes,6179
890,3,3,raipur city,yes,12145
1405,3,2,raipur city,no,17161
1206,2,2,noakhali city,yes,21897
758,2,1,noakhali city,yes,14563
670,2,1,raipur city,yes,7689
1635,3,1,lakshmipur city,no,25074
710,3,2,raipur city,yes,10126
945,1,1,noakhali city,yes,14252
1456,3,3,lakshmipur city,yes,28155
1628,2,2,raipur city,yes,20581
866,2,2,noakhali city,yes,17343
1304,3,2,noakhali city,yes,26429
848,3,3,lakshmipur city,no,16624
1760,5,5,lakshmipur city,yes,30000
1072,3,2,noakhali city,yes,24505
910,1,1,lakshmipur city,yes,12385
453,2,2,noakhali city,no,8215
1531,2,2,raipur city,no,16896
1857,4,3,lakshmipur city,yes,30000
1576,2,1,feni city,no,18036
1730,3,2,lakshmipur city,yes,30000
1264,5,5,lakshmipur city,yes,30000
1179,4,2,lakshmipur city,yes,26056
999,2,2,lakshmipur city,yes,17187
838,2,1,lakshmipur city,yes,12920
1119,3,3,lakshmipur city,yes,22681
1396,2,1,noakhali city,yes,26777
1199,1,1,noakhali city,yes,19559
1306,2,2,noakhali city,no,25322
1104,3,2,raipur city,yes,13518
1132,3,3,raipur city,yes,15464
1543,2,1,noakhali city,yes,25988
1244,2,1,noakhali city,yes,24076
1209,5,5,raipur city,yes,21541
1154,2,2,feni city,yes,17874
1455,3,1,raipur city,yes,18651
1334,2,2,noakhali city,yes,28485
606,2,1,lakshmipur city,yes,9137
1502,2,2,lakshmipur city,no,25527
726,2,2,feni city,yes,10625
836,3,2,noakhali city,yes,20282
1217,1,1,lakshmipur city,no,15092
1565,3,1,lakshmipur city,yes,29531
881,3,3,lakshmipur city,yes,17418
1079,4,2,lakshmipur city,no,21008
906,2,2,lakshmipur city,yes,15304
1057,3,2,lakshmipur city,yes,22152
1291,2,1,feni city,no,17480
544,2,2,noakhali city,no,10526
